{"cameraMode":{"drawMode":0,"name":"Shaded","section":"Shading Mode"},"sceneLighting":true,"audioPlay":false,"sceneViewState":{"showFog":true,"showMaterialUpdate":false,"showSkybox":true,"showFlares":true,"showImageEffects":true,"showParticleSystems":true},"in2DMode":false,"pivot":{"x":7.463770389556885,"y":19.53217124938965,"z":-7.176658630371094},"rotation":{"x":-0.1333276927471161,"y":-0.7447831630706787,"z":0.1564103364944458,"w":-0.6348682641983032},"size":14.178743362426758,"orthographic":false}