{"cameraMode":{"drawMode":0,"name":"Shaded","section":"Shading Mode"},"sceneLighting":false,"audioPlay":false,"sceneViewState":{"showFog":true,"showMaterialUpdate":false,"showSkybox":true,"showFlares":true,"showImageEffects":true,"showParticleSystems":true},"in2DMode":false,"pivot":{"x":0.19377708435058595,"y":20.281997680664064,"z":-5.593268871307373},"rotation":{"x":-0.15401656925678254,"y":-0.3427755832672119,"z":0.057076871395111087,"w":-0.9249465465545654},"size":1.6110217571258546,"orthographic":false}