{"cameraMode":{"drawMode":0,"name":"Shaded","section":"Shading Mode"},"sceneLighting":true,"audioPlay":false,"sceneViewState":{"showFog":true,"showMaterialUpdate":false,"showSkybox":true,"showFlares":true,"showImageEffects":true,"showParticleSystems":true},"in2DMode":false,"pivot":{"x":0.32620322704315188,"y":-55.376243591308597,"z":4.431344032287598},"rotation":{"x":0.12358119338750839,"y":-0.004464382771402597,"z":0.0005562501610256732,"w":0.9923243522644043},"size":19.773509979248048,"orthographic":false}