{"cameraMode":{"drawMode":0,"name":"Shaded","section":"Shading Mode"},"sceneLighting":true,"audioPlay":false,"sceneViewState":{"showFog":true,"showMaterialUpdate":false,"showSkybox":true,"showFlares":true,"showImageEffects":true,"showParticleSystems":true},"in2DMode":false,"pivot":{"x":-0.3437890410423279,"y":-185.86329650878907,"z":-1.3095073699951172},"rotation":{"x":-0.07374171167612076,"y":0.005083390045911074,"z":-0.000375872798031196,"w":-0.9972641468048096},"size":10.648472785949707,"orthographic":false}