{"cameraMode":{"drawMode":0,"name":"Shaded","section":"Shading Mode"},"sceneLighting":false,"audioPlay":false,"sceneViewState":{"showFog":true,"showMaterialUpdate":false,"showSkybox":true,"showFlares":true,"showImageEffects":true,"showParticleSystems":true},"in2DMode":false,"pivot":{"x":-0.2810004949569702,"y":20.451133728027345,"z":-5.199938774108887},"rotation":{"x":-0.12371549010276795,"y":-0.6828969717025757,"z":0.11898225545883179,"w":-0.7100630402565002},"size":2.211021661758423,"orthographic":false}